boundary,slope,intercept
Tmin,2.720002556542867,-5.439830225313281
Tmax,3.138687953302019,-9.973628787079852
