boundary,slope,intercept
Tmin,3.52007757917641,-6.523985784913967
Tmax,3.243792999843191,-9.087976273837697
